Pin Code,Beat
560069,Beats - 1
560076,Beats - 1
560011,Beats - 1
560041,Beats - 1
560019,Beats - 2
562125,Beats - 2
560070,Beats - 2
560085,Beats - 2
560061,Beats - 2
560062,Beats - 2
560050,Beats - 2
560078,Beats - 3
560108,Beats - 3
560083,Beats - 3
560034,Beats - 4
560030,Beats - 4
560029,Beats - 4
560071,Beats - 4
560102,Beats - 5
560035,Beats - 5
560103,Beats - 5
560068,Beats - 6
560105,Beats - 6
560095,Beats - 7
560027,Beats - 7
560047,Beats - 7
562107,Beats - 8
560100,Beats - 8
560099,Beats - 8
562106,Beats - 8
